geo_code,geo_name,fy,obligated_amount,population,per_capita
AK,Alaska,2008,1855483874.94,733391.0,2530.0063335110467
AK,Alaska,2009,2545935733.55,733391.0,3471.4575629507317
AK,Alaska,2010,1959543483.01,733391.0,2671.8946414804655
AK,Alaska,2011,2222684756.33,733391.0,3030.6954357634604
AK,Alaska,2012,1912767681.01,733391.0,2608.1144723755815
AK,Alaska,2013,2198853894.64,733391.0,2998.201361402035
AK,Alaska,2014,2408732297.93,733391.0,3284.3766802837777
AK,Alaska,2015,2752414644.23,733391.0,3752.9975745952706
AK,Alaska,2016,2678745826.22,733391.0,3652.5479944804338
AK,Alaska,2017,2981873783.9,733391.0,4065.8717981267837
AK,Alaska,2018,3038340540.08,733391.0,4142.865865656928
AK,Alaska,2019,3172131245.0,733391.0,4325.293390565196
AK,Alaska,2020,3676303340.06,733391.0,5012.746734088638
AK,Alaska,2021,5221281105.65,733391.0,7119.368939147057
AK,Alaska,2022,5465358612.87,733391.0,7452.175732821919
AK,Alaska,2023,5580233668.67,733391.0,7608.811218940511
AK,Alaska,2024,6316966962.67,733391.0,8613.368534206174
AL,Alabama,2008,8944004213.47,5024279.0,1780.1567575108786
AL,Alabama,2009,14399372748.05,5024279.0,2865.958030604988
AL,Alabama,2010,9377952250.06,5024279.0,1866.526968359042
AL,Alabama,2011,13687881569.7,5024279.0,2724.3474277005716
AL,Alabama,2012,18788789494.37,5024279.0,3739.5991533053793
AL,Alabama,2013,19625140280.39,5024279.0,3906.06100504968
AL,Alabama,2014,16630829815.13,5024279.0,3310.0928143381366
AL,Alabama,2015,16439325001.5,5024279.0,3271.9769347004813
AL,Alabama,2016,18245423019.46,5024279.0,3631.451004106261
AL,Alabama,2017,17848010851.13,5024279.0,3552.352656198034
AL,Alabama,2018,13815298492.11,5024279.0,2749.707667928075
AL,Alabama,2019,13236295474.39,5024279.0,2634.4666517106234
AL,Alabama,2020,14689050573.03,5024279.0,2923.6136315339972
AL,Alabama,2021,16471384014.88,5024279.0,3278.3577533970542
AL,Alabama,2022,18169772048.08,5024279.0,3616.3939239998417
AL,Alabama,2023,17050375489.54,5024279.0,3393.596472158493
AL,Alabama,2024,18887193182.78,5024279.0,3759.18478706696
AR,Arkansas,2008,3790241037.95,3011524.0,1258.5790576299573
AR,Arkansas,2009,7078559801.31,3011524.0,2350.490914669782
AR,Arkansas,2010,4543024489.54,3011524.0,1508.5466659206436
AR,Arkansas,2011,4693975113.86,3011524.0,1558.670996432371
AR,Arkansas,2012,6707559920.15,3011524.0,2227.2975145308487
AR,Arkansas,2013,6003836601.53,3011524.0,1993.6207055065806
AR,Arkansas,2014,6451442555.13,3011524.0,2142.251748659483
AR,Arkansas,2015,6246496029.8,3011524.0,2074.197658660532
AR,Arkansas,2016,6196933988.03,3011524.0,2057.7401966678663
AR,Arkansas,2017,6135104096.25,3011524.0,2037.2090995290093
AR,Arkansas,2018,6317435710.46,3011524.0,2097.7537321502336
AR,Arkansas,2019,6686661744.2,3011524.0,2220.3581124374236
AR,Arkansas,2020,7647515885.89,3011524.0,2539.417213972062
AR,Arkansas,2021,8097251772.24,3011524.0,2688.7555178839684
AR,Arkansas,2022,8932369390.43,3011524.0,2966.06282746875
AR,Arkansas,2023,8719772366.64,3011524.0,2895.4683298688637
AR,Arkansas,2024,9642173673.98,3011524.0,3201.758868260721
AS,American Samoa,2008,60100322.2,49710.0,1209.018752766043
AS,American Samoa,2009,77870225.17,49710.0,1566.4901462482399
AS,American Samoa,2010,180163686.37,49710.0,3624.294636290485
AS,American Samoa,2011,62203077.31,49710.0,1251.3191975457655
AS,American Samoa,2012,60169601.51,49710.0,1210.4124222490443
AS,American Samoa,2013,75450425.25,49710.0,1517.8118135184068
AS,American Samoa,2014,87663855.36,49710.0,1763.5054387447194
AS,American Samoa,2015,65074081.89,49710.0,1309.0742685576342
AS,American Samoa,2016,99439122.87,49710.0,2000.3846885938444
AS,American Samoa,2017,86753593.01,49710.0,1745.193985314826
AS,American Samoa,2018,117360764.49,49710.0,2360.9085594447797
AS,American Samoa,2019,236670042.83,49710.0,4761.014742104205
AS,American Samoa,2020,124589432.2,49710.0,2506.3253309193324
AS,American Samoa,2021,133289598.06,49710.0,2681.3437549788773
AS,American Samoa,2022,205932786.34,49710.0,4142.683289881312
AS,American Samoa,2023,165016800.1,49710.0,3319.589621806477
AS,American Samoa,2024,191398964.3,49710.0,3850.311090323879
AZ,Arizona,2008,9822005036.45,7151502.0,1373.4184841799668
AZ,Arizona,2009,15253858274.12,7151502.0,2132.958681144185
AZ,Arizona,2010,12233054018.81,7151502.0,1710.5573093330604
AZ,Arizona,2011,15003531765.34,7151502.0,2097.9553337662496
AZ,Arizona,2012,14536477485.75,7151502.0,2032.6467762646225
AZ,Arizona,2013,18258670333.58,7151502.0,2553.123851965643
AZ,Arizona,2014,15981721561.18,7151502.0,2234.736361841191
AZ,Arizona,2015,16000666522.89,7151502.0,2237.38545034176
AZ,Arizona,2016,20460633703.16,7151502.0,2861.0260758033764
AZ,Arizona,2017,20265949109.5,7151502.0,2833.8031800172885
AZ,Arizona,2018,21909479246.28,7151502.0,3063.619257364397
AZ,Arizona,2019,22797054853.07,7151502.0,3187.729634008352
AZ,Arizona,2020,33581502129.88,7151502.0,4695.727153523833
AZ,Arizona,2021,28940731651.53,7151502.0,4046.804664464891
AZ,Arizona,2022,30374001400.09,7151502.0,4247.219870747432
AZ,Arizona,2023,28630414932.58,7151502.0,4003.4128400691216
AZ,Arizona,2024,32489116090.3,7151502.0,4542.977977255687
CA,California,2008,50023413684.65,39538223.0,1265.1912475846475
CA,California,2009,82716730195.72,39538223.0,2092.07000010395
CA,California,2010,55358284930.71,39538223.0,1400.1207118162595
CA,California,2011,75194293908.79,39538223.0,1901.8126815863725
CA,California,2012,70470640588.74,39538223.0,1782.342129759853
CA,California,2013,81801510171.23,39538223.0,2068.922272283962
CA,California,2014,71770637124.86,39538223.0,1815.2216179482825
CA,California,2015,61309525882.01,39538223.0,1550.6393871573339
CA,California,2016,81780673553.94,39538223.0,2068.395272947396
CA,California,2017,84386375295.44,39538223.0,2134.298632880896
CA,California,2018,78560158356.22,39538223.0,1986.942062525673
CA,California,2019,80116194551.97,39538223.0,2026.2973010185613
CA,California,2020,111654702011.88,39538223.0,2823.9686445159664
CA,California,2021,107515628667.15,39538223.0,2719.2832785416276
CA,California,2022,115908286317.11,39538223.0,2931.5502195713248
CA,California,2023,114721742517.96,39538223.0,2901.5401758940966
CA,California,2024,125284853514.65,39538223.0,3168.702182560152
CO,Colorado,2008,6619751666.27,5773714.0,1146.532659267501
CO,Colorado,2009,10456602840.41,5773714.0,1811.0704548943713
CO,Colorado,2010,8430982235.41,5773714.0,1460.2355148540437
CO,Colorado,2011,9552237508.28,5773714.0,1654.4355172909502
CO,Colorado,2012,10085759483.96,5773714.0,1746.8408521724489
CO,Colorado,2013,10110286595.16,5773714.0,1751.088916970948
CO,Colorado,2014,9724343191.15,5773714.0,1684.2440050113323
CO,Colorado,2015,10031102883.75,5773714.0,1737.3743977879749
CO,Colorado,2016,10745752667.24,5773714.0,1861.1508410773376
CO,Colorado,2017,11454908668.53,5773714.0,1983.9757682022353
CO,Colorado,2018,11833947444.18,5773714.0,2049.624807217677
CO,Colorado,2019,12586292217.33,5773714.0,2179.9299752862717
CO,Colorado,2020,15261884650.17,5773714.0,2643.3392180786927
CO,Colorado,2021,16435696263.04,5773714.0,2846.6419124743625
CO,Colorado,2022,17489694864.23,5773714.0,3029.1931440022836
CO,Colorado,2023,17824896114.84,5773714.0,3087.2495788395477
CO,Colorado,2024,20070011596.49,5773714.0,3476.100755335301
CT,Connecticut,2008,6658290411.52,3605944.0,1846.4763766492215
CT,Connecticut,2009,10699193710.79,3605944.0,2967.0992424702104
CT,Connecticut,2010,7147293376.17,3605944.0,1982.0866259071133
CT,Connecticut,2011,8833679026.37,3605944.0,2449.7549119925325
CT,Connecticut,2012,14058475792.64,3605944.0,3898.6949860119844
CT,Connecticut,2013,17556095325.76,3605944.0,4868.654456575032
CT,Connecticut,2014,17913396719.01,3605944.0,4967.74124029935
CT,Connecticut,2015,16032048021.3,3605944.0,4446.005822968964
CT,Connecticut,2016,22127463735.03,3605944.0,6136.385849317127
CT,Connecticut,2017,17139105041.4,3605944.0,4753.014756025052
CT,Connecticut,2018,15006481420.59,3605944.0,4161.595804202728
CT,Connecticut,2019,22168987203.74,3605944.0,6147.901133167903
CT,Connecticut,2020,22523562465.43,3605944.0,6246.231906382905
CT,Connecticut,2021,25087463871.25,3605944.0,6957.252766889891
CT,Connecticut,2022,31849559354.64,3605944.0,8832.516354840785
CT,Connecticut,2023,30923302281.21,3605944.0,8575.646843436836
CT,Connecticut,2024,36075933410.08,3605944.0,10004.57395069918
DC,District Of Columbia,2008,8597082481.96,689545.0,12467.761323713461
DC,District Of Columbia,2009,11622899256.32,689545.0,16855.89665115402
DC,District Of Columbia,2010,12137433061.97,689545.0,17602.089873713823
DC,District Of Columbia,2011,12239171594.96,689545.0,17749.634316774103
DC,District Of Columbia,2012,9982432066.83,689545.0,14476.839171961221
DC,District Of Columbia,2013,9723906948.96,689545.0,14101.917857369714
DC,District Of Columbia,2014,10731677244.08,689545.0,15563.418259983033
DC,District Of Columbia,2015,11330671378.67,689545.0,16432.098526811158
DC,District Of Columbia,2016,11737836114.7,689545.0,17022.58172374537
DC,District Of Columbia,2017,13204495719.93,689545.0,19149.577938974253
DC,District Of Columbia,2018,13979832904.61,689545.0,20273.9964826226
DC,District Of Columbia,2019,12856391886.82,689545.0,18644.746734179786
DC,District Of Columbia,2020,13797727118.12,689545.0,20009.900902943245
DC,District Of Columbia,2021,16901778661.4,689545.0,24511.494770319558
DC,District Of Columbia,2022,23674106708.94,689545.0,34332.93941503455
DC,District Of Columbia,2023,17966727782.69,689545.0,26055.91771775591
DC,District Of Columbia,2024,26177722053.23,689545.0,37963.761688113176
DE,Delaware,2008,1212878284.77,989948.0,1225.1939341965438
DE,Delaware,2009,2979531369.58,989948.0,3009.7857357962234
DE,Delaware,2010,1343409272.25,989948.0,1357.050342290706
DE,Delaware,2011,3127316872.4,989948.0,3159.0718627645088
DE,Delaware,2012,3037697953.38,989948.0,3068.5429470840895
DE,Delaware,2013,3224377490.89,989948.0,3257.1180414425808
DE,Delaware,2014,1896304183.34,989948.0,1915.559386290997
DE,Delaware,2015,1842751956.44,989948.0,1861.463386400094
DE,Delaware,2016,1926624222.64,989948.0,1946.1872973529923
DE,Delaware,2017,2081579255.19,989948.0,2102.7157539486925
DE,Delaware,2018,2118695936.58,989948.0,2140.209320671389
DE,Delaware,2019,2272278069.77,989948.0,2295.3509373926713
DE,Delaware,2020,2206485417.7,989948.0,2228.8902222136917
DE,Delaware,2021,3084729413.35,989948.0,3116.051967729618
DE,Delaware,2022,3116973332.02,989948.0,3148.623293364904
DE,Delaware,2023,3392935364.54,989948.0,3427.387463321306
DE,Delaware,2024,3053883083.5,989948.0,3084.8924221272227
FL,Florida,2008,29402187507.14,21538187.0,1365.118963222856
FL,Florida,2009,100928228265.15,21538187.0,4686.013185100027
FL,Florida,2010,28263237560.92,21538187.0,1312.2384702537868
FL,Florida,2011,167870549799.15,21538187.0,7794.089158904136
FL,Florida,2012,174409058485.54,21538187.0,8097.666646015285
FL,Florida,2013,226068588072.2,21538187.0,10496.175377816156
FL,Florida,2014,41140677950.15,21538187.0,1910.1272521289745
FL,Florida,2015,42614162530.39,21538187.0,1978.5399082285803
FL,Florida,2016,47628374747.41,21538187.0,2211.3455857454483
FL,Florida,2017,49073634440.29,21538187.0,2278.447783942539
FL,Florida,2018,51146167975.99,21538187.0,2374.6737817807043
FL,Florida,2019,56590417253.51,21538187.0,2627.4457201764476
FL,Florida,2020,64912167345.71,21538187.0,3013.8176136046177
FL,Florida,2021,64960351189.23,21538187.0,3016.054749140678
FL,Florida,2022,72001951772.67,21538187.0,3342.990372061957
FL,Florida,2023,73698166188.74,21538187.0,3421.744188066526
FL,Florida,2024,82257509533.18,21538187.0,3819.1473373863823
GA,Georgia,2008,12621634877.33,10711908.0,1178.2807392791274
GA,Georgia,2009,21853448698.96,10711908.0,2040.1079526597875
GA,Georgia,2010,15459924311.24,10711908.0,1443.2465543244023
GA,Georgia,2011,19548459026.32,10711908.0,1824.9278304406646
GA,Georgia,2012,19324460955.45,10711908.0,1804.0167032287807
GA,Georgia,2013,20464826871.46,10711908.0,1910.4744804996458
GA,Georgia,2014,16913750485.01,10711908.0,1578.9671163167197
GA,Georgia,2015,16229752716.29,10711908.0,1515.1131540982242
GA,Georgia,2016,17573377432.42,10711908.0,1640.545963652787
GA,Georgia,2017,17423106061.68,10711908.0,1626.5175225253988
GA,Georgia,2018,19105092712.23,10711908.0,1783.537789180975
GA,Georgia,2019,18928099078.38,10711908.0,1767.014716554698
GA,Georgia,2020,24688516245.84,10711908.0,2304.772991500674
GA,Georgia,2021,23739427194.91,10711908.0,2216.171684345123
GA,Georgia,2022,24984323611.96,10711908.0,2332.3878072851257
GA,Georgia,2023,25104117401.33,10711908.0,2343.5710427432723
GA,Georgia,2024,28781787286.13,10711908.0,2686.8964227596057
GU,Guam,2008,361298868.13,153836.0,2348.5976502899193
GU,Guam,2009,313146378.57,153836.0,2035.5858093684183
GU,Guam,2010,567281838.71,153836.0,3687.575331586885
GU,Guam,2011,454308933.01,153836.0,2953.2029759614134
GU,Guam,2012,327068460.58,153836.0,2126.0853154008164
GU,Guam,2013,344842202.66,153836.0,2241.622264359448
GU,Guam,2014,373530718.06,153836.0,2428.1099226448946
GU,Guam,2015,327615289.97,153836.0,2129.639941041109
GU,Guam,2016,471581608.02,153836.0,3065.4827739930834
GU,Guam,2017,646005420.44,153836.0,4199.312387477574
GU,Guam,2018,611261464.4,153836.0,3973.461767076627
GU,Guam,2019,723032152.34,153836.0,4700.019191476637
GU,Guam,2020,966572987.49,153836.0,6283.139105865987
GU,Guam,2021,1683272184.96,153836.0,10941.991373670662
GU,Guam,2022,696930551.78,153836.0,4530.347589510908
GU,Guam,2023,1545888510.0,153836.0,10048.938544943967
GU,Guam,2024,1846062721.41,153836.0,12000.199702345355
HI,Hawaii,2008,2585527520.39,1455271.0,1776.663948082522
HI,Hawaii,2009,4547550868.63,1455271.0,3124.8824917352163
HI,Hawaii,2010,3241658448.28,1455271.0,2227.529063851338
HI,Hawaii,2011,6331285393.86,1455271.0,4350.588580312533
HI,Hawaii,2012,5893363316.41,1455271.0,4049.6672553840485
HI,Hawaii,2013,6250190361.43,1455271.0,4294.86354186265
HI,Hawaii,2014,3982489201.08,1455271.0,2736.596277311923
HI,Hawaii,2015,3410194846.28,1455271.0,2343.3400694990833
HI,Hawaii,2016,3692938853.77,1455271.0,2537.629660571811
HI,Hawaii,2017,3654961659.45,1455271.0,2511.533356639416
HI,Hawaii,2018,3863889597.4,1455271.0,2655.099701292749
HI,Hawaii,2019,3875327583.52,1455271.0,2662.959396236165
HI,Hawaii,2020,4926057993.1,1455271.0,3384.97640171487
HI,Hawaii,2021,5224224197.69,1455271.0,3589.8634671411714
HI,Hawaii,2022,5422806298.18,1455271.0,3726.320594707103
HI,Hawaii,2023,6180922030.77,1455271.0,4247.265307128363
HI,Hawaii,2024,7376445873.31,1455271.0,5068.778167990705
IA,Iowa,2008,4099122431.91,3190369.0,1284.8427350911445
IA,Iowa,2009,6349573304.09,3190369.0,1990.231632795454
IA,Iowa,2010,4680599828.8,3190369.0,1467.102967963894
IA,Iowa,2011,5819595502.11,3190369.0,1824.113606328923
IA,Iowa,2012,5627618101.66,3190369.0,1763.939563624145
IA,Iowa,2013,5725322870.37,3190369.0,1794.5644752597584
IA,Iowa,2014,5631406365.54,3190369.0,1765.1269698081946
IA,Iowa,2015,5999975365.62,3190369.0,1880.6524780111642
IA,Iowa,2016,5804975537.71,3190369.0,1819.531075468073
IA,Iowa,2017,5997072788.18,3190369.0,1879.7426843666046
IA,Iowa,2018,6837151893.86,3190369.0,2143.0599074464426
IA,Iowa,2019,6928479815.71,3190369.0,2171.6860387340776
IA,Iowa,2020,8793606452.79,3190369.0,2756.2976109628703
IA,Iowa,2021,9391667384.32,3190369.0,2943.7558427630156
IA,Iowa,2022,9592506404.37,3190369.0,3006.7075013485905
IA,Iowa,2023,9027131852.47,3190369.0,2829.4945984210603
IA,Iowa,2024,9796040140.4,3190369.0,3070.503800782919
ID,Idaho,2008,1736984883.58,1839106.0,944.4724140859744
ID,Idaho,2009,3207621794.11,1839106.0,1744.12012907902
ID,Idaho,2010,2521353534.15,1839106.0,1370.9669448906154
ID,Idaho,2011,3254533010.86,1839106.0,1769.6277489497616
ID,Idaho,2012,2906454136.85,1839106.0,1580.3624896281128
ID,Idaho,2013,3370326382.93,1839106.0,1832.5895206312196
ID,Idaho,2014,2926162830.37,1839106.0,1591.0789429048677
ID,Idaho,2015,3014132045.36,1839106.0,1638.9115392804983
ID,Idaho,2016,3239930074.01,1839106.0,1761.6875123076104
ID,Idaho,2017,3324539004.07,1839106.0,1807.6929791268149
ID,Idaho,2018,3432444537.92,1839106.0,1866.3657983389755
ID,Idaho,2019,3648999979.11,1839106.0,1984.1161842275542
ID,Idaho,2020,4475160950.61,1839106.0,2433.3349739547366
ID,Idaho,2021,4680519565.99,1839106.0,2544.997170358859
ID,Idaho,2022,5393059892.0,1839106.0,2932.4355920757152
ID,Idaho,2023,5170501842.65,1839106.0,2811.4213333271705
ID,Idaho,2024,6563837003.42,1839106.0,3569.036805610987
IL,Illinois,2008,17711105184.18,12812508.0,1382.3292976035605
IL,Illinois,2009,26308665917.32,12812508.0,2053.3580090111946
IL,Illinois,2010,18959176428.56,12812508.0,1479.7396753672272
IL,Illinois,2011,19314189090.39,12812508.0,1507.4479633800033
IL,Illinois,2012,19980990930.08,12812508.0,1559.4910012996677
IL,Illinois,2013,21176877150.12,12812508.0,1652.8284040969963
IL,Illinois,2014,21131615337.69,12812508.0,1649.295777039905
IL,Illinois,2015,20555273411.29,12812508.0,1604.3130206271871
IL,Illinois,2016,23002812963.47,12812508.0,1795.3403785948856
IL,Illinois,2017,21390552137.47,12812508.0,1669.5054658674164
IL,Illinois,2018,24226675548.02,12812508.0,1890.861301161334
IL,Illinois,2019,24655180533.5,12812508.0,1924.3055718287162
IL,Illinois,2020,30317238749.85,12812508.0,2366.222034737461
IL,Illinois,2021,41207062600.19,12812508.0,3216.1589752911764
IL,Illinois,2022,31946001270.29,12812508.0,2493.34488378778
IL,Illinois,2023,35038770741.77,12812508.0,2734.7316186471844
IL,Illinois,2024,37663178386.16,12812508.0,2939.563306899789
IN,Indiana,2008,10387624101.17,6785528.0,1530.8497881329206
IN,Indiana,2009,13986245126.43,6785528.0,2061.1874457566164
IN,Indiana,2010,8456180239.99,6785528.0,1246.2081417967768
IN,Indiana,2011,9604211309.8,6785528.0,1415.3963125345588
IN,Indiana,2012,24076476524.83,6785528.0,3548.2097376696406
IN,Indiana,2013,25928670513.96,6785528.0,3821.1721348670285
IN,Indiana,2014,28327099988.06,6785528.0,4174.634602946153
IN,Indiana,2015,30733546369.78,6785528.0,4529.278542477461
IN,Indiana,2016,31738427856.38,6785528.0,4677.3704060140935
IN,Indiana,2017,32519989109.36,6785528.0,4792.551015832519
IN,Indiana,2018,33229779612.7,6785528.0,4897.154593231359
IN,Indiana,2019,36489504189.75,6785528.0,5377.548245287618
IN,Indiana,2020,38362289357.97,6785528.0,5653.545215342122
IN,Indiana,2021,38524048385.39,6785528.0,5677.384042242549
IN,Indiana,2022,42312291979.11,6785528.0,6235.6668455439285
IN,Indiana,2023,44239245302.89,6785528.0,6519.64671030611
IN,Indiana,2024,48615113127.46,6785528.0,7164.5291460679255
KS,Kansas,2008,3980722043.22,2937880.0,1354.9641385012321
KS,Kansas,2009,11094352607.27,2937880.0,3776.3123773843727
KS,Kansas,2010,4038240980.14,2937880.0,1374.5425205045815
KS,Kansas,2011,4661052486.74,2937880.0,1586.5360350797173
KS,Kansas,2012,4491707147.24,2937880.0,1528.8940144730213
KS,Kansas,2013,4289803262.29,2937880.0,1460.1696673417566
KS,Kansas,2014,4489747659.76,2937880.0,1528.2270411861616
KS,Kansas,2015,4323479496.81,2937880.0,1471.6324345480416
KS,Kansas,2016,4342973522.74,2937880.0,1478.2678403270384
KS,Kansas,2017,4909698499.24,2937880.0,1671.170537680232
KS,Kansas,2018,5399596822.01,2937880.0,1837.922863428731
KS,Kansas,2019,5648165746.16,2937880.0,1922.531126581072
KS,Kansas,2020,6820576507.27,2937880.0,2321.598059576974
KS,Kansas,2021,7069944925.02,2937880.0,2406.4784555597917
KS,Kansas,2022,9606439175.63,2937880.0,3269.8541722704804
KS,Kansas,2023,7728813298.95,2937880.0,2630.7450607070405
KS,Kansas,2024,8715367480.65,2937880.0,2966.549852495677
KY,Kentucky,2008,9493325492.2,4505836.0,2106.89547782032
KY,Kentucky,2009,11082977484.2,4505836.0,2459.6939356425755
KY,Kentucky,2010,7887404299.21,4505836.0,1750.4863246709378
KY,Kentucky,2011,8625488420.65,4505836.0,1914.2925798120482
KY,Kentucky,2012,13768174929.38,4505836.0,3055.6316140622957
KY,Kentucky,2013,17864833343.54,4505836.0,3964.821032887127
KY,Kentucky,2014,20529281171.45,4505836.0,4556.153657489976
KY,Kentucky,2015,22172969519.39,4505836.0,4920.944641436128
KY,Kentucky,2016,27374831406.57,4505836.0,6075.416727677172
KY,Kentucky,2017,24705341010.19,4505836.0,5482.964983676725
KY,Kentucky,2018,20509438134.2,4505836.0,4551.749804964051
KY,Kentucky,2019,27595593345.95,4505836.0,6124.411395787596
KY,Kentucky,2020,32217092703.37,4505836.0,7150.081073383496
KY,Kentucky,2021,36976641247.98,4505836.0,8206.388614228305
KY,Kentucky,2022,45561695273.59,4505836.0,10111.707410919971
KY,Kentucky,2023,40786920649.19,4505836.0,9052.020679223568
KY,Kentucky,2024,48376092223.47,4505836.0,10736.318903632977
LA,Louisiana,2008,8089018623.19,4657757.0,1736.676821738446
LA,Louisiana,2009,38013612634.38,4657757.0,8161.3559132389255
LA,Louisiana,2010,9075474566.3,4657757.0,1948.4645863448864
LA,Louisiana,2011,42905828014.84,4657757.0,9211.693099240685
LA,Louisiana,2012,42845382615.53,4657757.0,9198.715737109085
LA,Louisiana,2013,42987971910.02,4657757.0,9229.329033270735
LA,Louisiana,2014,7522139272.74,4657757.0,1614.9703114052536
LA,Louisiana,2015,6903769106.24,4657757.0,1482.208948693545
LA,Louisiana,2016,10481820604.5,4657757.0,2250.400912821343
LA,Louisiana,2017,7431285637.27,4657757.0,1595.464434333951
LA,Louisiana,2018,8164550546.03,4657757.0,1752.8931943057569
LA,Louisiana,2019,8440122385.3,4657757.0,1812.0572595994167
LA,Louisiana,2020,12651636909.56,4657757.0,2716.2509571796036
LA,Louisiana,2021,13529490985.77,4657757.0,2904.7223772665684
LA,Louisiana,2022,12635734023.65,4657757.0,2712.8366773212942
LA,Louisiana,2023,13461223497.57,4657757.0,2890.0656469562496
LA,Louisiana,2024,13013819915.34,4657757.0,2794.010060065392
MA,Massachusetts,2008,11952379826.87,7029917.0,1700.2163506155196
MA,Massachusetts,2009,15840469091.56,7029917.0,2253.2938997089154
MA,Massachusetts,2010,13274915079.04,7029917.0,1888.3459191680358
MA,Massachusetts,2011,17355062597.46,7029917.0,2468.743599314188
MA,Massachusetts,2012,21068522780.79,7029917.0,2996.9803030092676
MA,Massachusetts,2013,22795971405.27,7029917.0,3242.708470849656
MA,Massachusetts,2014,18148236891.83,7029917.0,2581.572000328027
MA,Massachusetts,2015,16920281278.56,7029917.0,2406.89630881275
MA,Massachusetts,2016,17394443241.41,7029917.0,2474.3454640232594
MA,Massachusetts,2017,17907757955.64,7029917.0,2547.3640664093186
MA,Massachusetts,2018,19730057275.94,7029917.0,2806.5846689142986
MA,Massachusetts,2019,19926456154.87,7029917.0,2834.522250386455
MA,Massachusetts,2020,23067086331.21,7029917.0,3281.274349499432
MA,Massachusetts,2021,25006348273.31,7029917.0,3557.1327902320895
MA,Massachusetts,2022,26155807486.5,7029917.0,3720.6424324070967
MA,Massachusetts,2023,26272383049.01,7029917.0,3737.2252117642356
MA,Massachusetts,2024,37153695419.51,7029917.0,5285.0830841260295
MD,Maryland,2008,15625664302.96,6177224.0,2529.5609003267487
MD,Maryland,2009,21351356777.36,6177224.0,3456.4647125245906
MD,Maryland,2010,17615644121.61,6177224.0,2851.7088131513447
MD,Maryland,2011,22577146566.8,6177224.0,3654.9017109951005
MD,Maryland,2012,22494594966.59,6177224.0,3641.5378439554725
MD,Maryland,2013,24215176767.4,6177224.0,3920.074254616637
MD,Maryland,2014,21185241404.96,6177224.0,3429.5731229691523
MD,Maryland,2015,20755690632.1,6177224.0,3360.035289654382
MD,Maryland,2016,23068658374.87,6177224.0,3734.470107425277
MD,Maryland,2017,23251003538.01,6177224.0,3763.9890568983733
MD,Maryland,2018,24353590884.05,6177224.0,3942.481425969011
MD,Maryland,2019,24682800497.53,6177224.0,3995.775529190782
MD,Maryland,2020,29897686372.02,6177224.0,4839.98740729169
MD,Maryland,2021,30191133863.32,6177224.0,4887.492158827331
MD,Maryland,2022,34289092296.7,6177224.0,5550.890221351857
MD,Maryland,2023,31275434428.32,6177224.0,5063.024172074705
MD,Maryland,2024,41628059188.21,6177224.0,6738.958986789211
ME,Maine,2008,2152114445.86,1362359.0,1579.6970151479898
ME,Maine,2009,3199934601.46,1362359.0,2348.818924718081
ME,Maine,2010,2444531745.46,1362359.0,1794.3374290183424
ME,Maine,2011,7017939758.93,1362359.0,5151.314564611825
ME,Maine,2012,2915579585.45,1362359.0,2140.096395626997
ME,Maine,2013,3714923741.1,1362359.0,2726.8317243105525
ME,Maine,2014,2859766944.0,1362359.0,2099.1287494705875
ME,Maine,2015,2792324486.18,1362359.0,2049.6245748587558
ME,Maine,2016,3019152457.08,1362359.0,2216.121049649909
ME,Maine,2017,4650316552.54,1362359.0,3413.4296118277193
ME,Maine,2018,3343570191.28,1362359.0,2454.250451811894
ME,Maine,2019,3505505858.81,1362359.0,2573.114618694485
ME,Maine,2020,3862029141.13,1362359.0,2834.810164670252
ME,Maine,2021,4565090335.91,1362359.0,3350.8717862986186
ME,Maine,2022,4877867078.93,1362359.0,3580.456457460919
ME,Maine,2023,6581768420.38,1362359.0,4831.155679508852
ME,Maine,2024,5952203389.36,1362359.0,4369.0417792666985
MI,Michigan,2008,16152819681.0,10077331.0,1602.8866850756415
MI,Michigan,2009,28644859960.5,10077331.0,2842.504623545659
MI,Michigan,2010,15465521545.9,10077331.0,1534.6842875261316
MI,Michigan,2011,17366458277.07,10077331.0,1723.3192277866033
MI,Michigan,2012,17124713962.54,10077331.0,1699.330305071849
MI,Michigan,2013,18932140887.68,10077331.0,1878.6860218921063
MI,Michigan,2014,19069775007.59,10077331.0,1892.343816789386
MI,Michigan,2015,19717279050.37,10077331.0,1956.59734213057
MI,Michigan,2016,22060264257.05,10077331.0,2189.0979126367884
MI,Michigan,2017,21570227134.72,10077331.0,2140.4702430355815
MI,Michigan,2018,24324613965.46,10077331.0,2413.795276294884
MI,Michigan,2019,23161010828.5,10077331.0,2298.3278834941516
MI,Michigan,2020,28148427038.68,10077331.0,2793.242281977242
MI,Michigan,2021,28294705709.52,10077331.0,2807.757898348283
MI,Michigan,2022,32542583637.31,10077331.0,3229.285972378004
MI,Michigan,2023,30651393445.17,10077331.0,3041.6182067622863
MI,Michigan,2024,34139814865.13,10077331.0,3387.783418558942
MN,Minnesota,2008,5725381606.98,5706494.0,1003.3098443597767
MN,Minnesota,2009,10977627097.93,5706494.0,1923.7078139274308
MN,Minnesota,2010,9363995745.5,5706494.0,1640.9367547744728
MN,Minnesota,2011,9594924174.73,5706494.0,1681.404409560406
MN,Minnesota,2012,11962709314.61,5706494.0,2096.3325843521434
MN,Minnesota,2013,15692966600.42,5706494.0,2750.0189434037784
MN,Minnesota,2014,17619505776.51,5706494.0,3087.623640103713
MN,Minnesota,2015,19881430583.17,5706494.0,3484.000961565893
MN,Minnesota,2016,26060561808.54,5706494.0,4566.825411284057
MN,Minnesota,2017,27070041770.06,5706494.0,4743.7256168253225
MN,Minnesota,2018,23997105728.66,5706494.0,4205.227540528387
MN,Minnesota,2019,31394146229.29,5706494.0,5501.4771292653595
MN,Minnesota,2020,40355317625.36,5706494.0,7071.823369193064
MN,Minnesota,2021,47607091724.53,5706494.0,8342.616626694078
MN,Minnesota,2022,64880431211.51,5706494.0,11369.578450710716
MN,Minnesota,2023,54757800903.04,5706494.0,9595.6993739133
MN,Minnesota,2024,62854636495.71,5706494.0,11014.580317741505
MO,Missouri,2008,10617781794.19,6154913.0,1725.090475558306
MO,Missouri,2009,15389297977.41,6154913.0,2500.327458310134
MO,Missouri,2010,11044592649.57,6154913.0,1794.4352177796827
MO,Missouri,2011,11821291667.35,6154913.0,1920.6269312580048
MO,Missouri,2012,12202264878.22,6154913.0,1982.5243473335852
MO,Missouri,2013,12763889379.09,6154913.0,2073.7725097154093
MO,Missouri,2014,12137426278.69,6154913.0,1971.9899011878804
MO,Missouri,2015,12265668180.72,6154913.0,1992.8255981392424
MO,Missouri,2016,14194232698.37,6154913.0,2306.163011300079
MO,Missouri,2017,13892166102.27,6154913.0,2257.085697599625
MO,Missouri,2018,14712047576.73,6154913.0,2390.2933439887775
MO,Missouri,2019,15486808209.84,6154913.0,2516.1701245557815
MO,Missouri,2020,17554162346.31,6154913.0,2852.0569415538453
MO,Missouri,2021,21012295024.41,6154913.0,3413.9060981706807
MO,Missouri,2022,22828723048.71,6154913.0,3709.0244896572867
MO,Missouri,2023,25085905759.51,6154913.0,4075.753103173026
MO,Missouri,2024,29337776156.2,6154913.0,4766.562282228847
MP,Northern Mariana Islands,2008,33984789.94,47329.0,718.0542572207314
MP,Northern Mariana Islands,2009,80014748.41,47329.0,1690.6072050962412
MP,Northern Mariana Islands,2010,64126663.05,47329.0,1354.9126972891884
MP,Northern Mariana Islands,2011,167046410.77,47329.0,3529.4726440448776
MP,Northern Mariana Islands,2012,47674727.11,47329.0,1007.304762619113
MP,Northern Mariana Islands,2013,64368653.43,47329.0,1360.0256381922288
MP,Northern Mariana Islands,2014,72482051.77,47329.0,1531.4511561621837
MP,Northern Mariana Islands,2015,96056022.18,47329.0,2029.5383840774157
MP,Northern Mariana Islands,2016,74641585.77,47329.0,1577.0792911322867
MP,Northern Mariana Islands,2017,205288782.9,47329.0,4337.484056286843
MP,Northern Mariana Islands,2018,142006142.22,47329.0,3000.404450125716
MP,Northern Mariana Islands,2019,168269374.86,47329.0,3555.312279152317
MP,Northern Mariana Islands,2020,212478467.17,47329.0,4489.3927015149275
MP,Northern Mariana Islands,2021,227975767.91,47329.0,4816.830440322001
MP,Northern Mariana Islands,2022,164110268.59,47329.0,3467.435791797841
MP,Northern Mariana Islands,2023,228664934.38,47329.0,4831.391628388515
MP,Northern Mariana Islands,2024,312124120.53,47329.0,6594.7753075281535
MS,Mississippi,2008,4589111728.82,2961279.0,1549.7059644903434
MS,Mississippi,2009,12412389434.71,2961279.0,4191.563657024549
MS,Mississippi,2010,4896849489.97,2961279.0,1653.626520827656
MS,Mississippi,2011,12105117377.24,2961279.0,4087.8003650584765
MS,Mississippi,2012,11748383498.52,2961279.0,3967.3342155602363
MS,Mississippi,2013,11093251650.45,2961279.0,3746.101481977889
MS,Mississippi,2014,5764232589.7,2961279.0,1946.5347877386764
MS,Mississippi,2015,6014946985.71,2961279.0,2031.1990142468846
MS,Mississippi,2016,6170403435.16,2961279.0,2083.6954016018076
MS,Mississippi,2017,6486110626.2,2961279.0,2190.3071700437545
MS,Mississippi,2018,9672469618.07,2961279.0,3266.3148653233957
MS,Mississippi,2019,7006783303.76,2961279.0,2366.134127773844
MS,Mississippi,2020,8070013150.77,2961279.0,2725.178259383868
MS,Mississippi,2021,8175289469.22,2961279.0,2760.7292218058483
MS,Mississippi,2022,8700107278.87,2961279.0,2937.955957162429
MS,Mississippi,2023,12664914559.36,2961279.0,4276.8393519692
MS,Mississippi,2024,11090399471.5,2961279.0,3745.1383241835706
MT,Montana,2008,1401623892.76,1084225.0,1292.7426436025733
MT,Montana,2009,2416821529.26,1084225.0,2229.07747862298
MT,Montana,2010,1703193108.18,1084225.0,1570.8852942701008
MT,Montana,2011,2354771365.15,1084225.0,2171.8475087274323
MT,Montana,2012,1959391911.27,1084225.0,1807.182006751366
MT,Montana,2013,2128163358.82,1084225.0,1962.842914358182
MT,Montana,2014,2183751990.9,1084225.0,2014.1132983467455
MT,Montana,2015,2193752399.48,1084225.0,2023.3368530332725
MT,Montana,2016,2441027054.39,1084225.0,2251.4026649357834
MT,Montana,2017,2561447312.1,1084225.0,2362.4684102469505
MT,Montana,2018,2627534957.01,1084225.0,2423.42222048929
MT,Montana,2019,2776224987.88,1084225.0,2560.5616803523253
MT,Montana,2020,3106502558.34,1084225.0,2865.182557439646
MT,Montana,2021,3612313611.16,1084225.0,3331.70108709908
MT,Montana,2022,4424483648.47,1084225.0,4080.779956623395
MT,Montana,2023,4086265569.5,1084225.0,3768.8354073185915
MT,Montana,2024,4831975551.47,1084225.0,4456.616985837811
NC,North Carolina,2008,11566100704.75,10439388.0,1107.9289997411727
NC,North Carolina,2009,23444565233.84,10439388.0,2245.779660056701
NC,North Carolina,2010,14546611384.56,10439388.0,1393.4352650327778
NC,North Carolina,2011,23095740970.94,10439388.0,2212.365415572254
NC,North Carolina,2012,22734250404.25,10439388.0,2177.7378524727696
NC,North Carolina,2013,24693906678.61,10439388.0,2365.4553962943037
NC,North Carolina,2014,16327741389.54,10439388.0,1564.051588995447
NC,North Carolina,2015,17196509714.69,10439388.0,1647.271824238164
NC,North Carolina,2016,18852427018.03,10439388.0,1805.8938912922863
NC,North Carolina,2017,18998642831.25,10439388.0,1819.9000584373337
NC,North Carolina,2018,19886841236.69,10439388.0,1904.9815215882386
NC,North Carolina,2019,21054078019.55,10439388.0,2016.7923655630004
NC,North Carolina,2020,26233200135.36,10439388.0,2512.905941934527
NC,North Carolina,2021,28261633293.62,10439388.0,2707.2116960898475
NC,North Carolina,2022,27575334327.92,10439388.0,2641.4703934675094
NC,North Carolina,2023,28239151792.99,10439388.0,2705.0581694051416
NC,North Carolina,2024,32973634119.22,10439388.0,3158.579230815063
ND,North Dakota,2008,1010970948.62,779094.0,1297.6238407945639
ND,North Dakota,2009,2657378807.1,779094.0,3410.8577490007624
ND,North Dakota,2010,1432396134.87,779094.0,1838.5408370106816
ND,North Dakota,2011,2480105492.11,779094.0,3183.3199743676632
ND,North Dakota,2012,7752380330.19,779094.0,9950.507037905567
ND,North Dakota,2013,9608402046.06,779094.0,12332.789170575052
ND,North Dakota,2014,15101034074.22,779094.0,19382.813979083396
ND,North Dakota,2015,15454339371.54,779094.0,19836.296225538896
ND,North Dakota,2016,16289909799.55,779094.0,20908.786102254668
ND,North Dakota,2017,16905386116.27,779094.0,21698.775906719857
ND,North Dakota,2018,17498522868.97,779094.0,22460.091938803278
ND,North Dakota,2019,18251680745.53,779094.0,23426.801830754695
ND,North Dakota,2020,18961953799.2,779094.0,24338.467244260642
ND,North Dakota,2021,16946265133.5,779094.0,21751.245849024635
ND,North Dakota,2022,19483251330.98,779094.0,25007.57460714625
ND,North Dakota,2023,20672441169.59,779094.0,26533.94990795719
ND,North Dakota,2024,23724255301.46,779094.0,30451.08202791961
NE,Nebraska,2008,2178262074.58,1961504.0,1110.5060578923112
NE,Nebraska,2009,3357024128.5,1961504.0,1711.4541334098733
NE,Nebraska,2010,2183354426.54,1961504.0,1113.1022045022594
NE,Nebraska,2011,3029907130.97,1961504.0,1544.6856753644142
NE,Nebraska,2012,2916209989.69,1961504.0,1486.7214085161183
NE,Nebraska,2013,2967359226.6,1961504.0,1512.79794820709
NE,Nebraska,2014,3337949963.32,1961504.0,1701.7298783586473
NE,Nebraska,2015,2935648064.62,1961504.0,1496.6311894444264
NE,Nebraska,2016,3012790337.23,1961504.0,1535.95931348088
NE,Nebraska,2017,3629168964.81,1961504.0,1850.1970757184283
NE,Nebraska,2018,3593429349.88,1961504.0,1831.976559762305
NE,Nebraska,2019,4117894639.03,1961504.0,2099.355718382425
NE,Nebraska,2020,5323533796.74,1961504.0,2714.006087543028
NE,Nebraska,2021,5281962306.13,1961504.0,2692.812406260706
NE,Nebraska,2022,6621627307.94,1961504.0,3375.7908767659915
NE,Nebraska,2023,5691747357.78,1961504.0,2901.7261029189845
NE,Nebraska,2024,6165004795.98,1961504.0,3142.9988396556923
NH,New Hampshire,2008,2201193380.52,1377529.0,1597.9288860851568
NH,New Hampshire,2009,2896933802.95,1377529.0,2102.9929699846607
NH,New Hampshire,2010,2000825717.03,1377529.0,1452.474479324936
NH,New Hampshire,2011,2778208177.97,1377529.0,2016.8055830185788
NH,New Hampshire,2012,2554176852.19,1377529.0,1854.1728357007366
NH,New Hampshire,2013,2896931265.76,1377529.0,2102.9911281432187
NH,New Hampshire,2014,2424071374.49,1377529.0,1759.724386557379
NH,New Hampshire,2015,2570417644.66,1377529.0,1865.9626364744406
NH,New Hampshire,2016,2615628830.65,1377529.0,1898.7831331681584
NH,New Hampshire,2017,3021219105.01,1377529.0,2193.216335198751
NH,New Hampshire,2018,3189673341.66,1377529.0,2315.503587699424
NH,New Hampshire,2019,3471694481.93,1377529.0,2520.2333177232567
NH,New Hampshire,2020,3470033496.69,1377529.0,2519.0275462004793
NH,New Hampshire,2021,3725129289.74,1377529.0,2704.2111561644074
NH,New Hampshire,2022,3979420111.91,1377529.0,2888.810407555848
NH,New Hampshire,2023,4191514295.25,1377529.0,3042.777535173488
NH,New Hampshire,2024,4708825791.4,1377529.0,3418.3133650180866
NJ,New Jersey,2008,12980389742.06,9288994.0,1397.3945663071802
NJ,New Jersey,2009,28120713401.83,9288994.0,3027.3152724428505
NJ,New Jersey,2010,13797759786.37,9288994.0,1485.3879533531835
NJ,New Jersey,2011,26607985014.99,9288994.0,2864.463580769888
NJ,New Jersey,2012,25758747208.71,9288994.0,2773.0394926199756
NJ,New Jersey,2013,30208580658.96,9288994.0,3252.083127511978
NJ,New Jersey,2014,15784739153.44,9288994.0,1699.2947948335418
NJ,New Jersey,2015,15678805018.55,9288994.0,1687.8905313697048
NJ,New Jersey,2016,17334996689.11,9288994.0,1866.1866601604006
NJ,New Jersey,2017,16913680901.05,9288994.0,1820.8302105750095
NJ,New Jersey,2018,16335047583.5,9288994.0,1758.5378549603972
NJ,New Jersey,2019,18257430823.4,9288994.0,1965.4906466082334
NJ,New Jersey,2020,21230266444.48,9288994.0,2285.5291374372723
NJ,New Jersey,2021,22713187599.36,9288994.0,2445.171952889624
NJ,New Jersey,2022,22651854905.76,9288994.0,2438.5692256621114
NJ,New Jersey,2023,23342364383.01,9288994.0,2512.9055291681743
NJ,New Jersey,2024,25689033387.15,9288994.0,2765.5345010611486
NM,New Mexico,2008,3525999619.73,2117522.0,1665.153712561192
NM,New Mexico,2009,6446029812.76,2117522.0,3044.138295970479
NM,New Mexico,2010,4515920730.77,2117522.0,2132.6440673438105
NM,New Mexico,2011,5410670960.46,2117522.0,2555.1899628244714
NM,New Mexico,2012,5424537126.06,2117522.0,2561.7382610711957
NM,New Mexico,2013,5826871413.35,2117522.0,2751.740672989466
NM,New Mexico,2014,5858272518.37,2117522.0,2766.569848327432
NM,New Mexico,2015,5548027145.48,2117522.0,2620.0564364762204
NM,New Mexico,2016,4743616059.61,2117522.0,2240.1732117116135
NM,New Mexico,2017,6148407290.29,2117522.0,2903.586026633962
NM,New Mexico,2018,6552717212.42,2117522.0,3094.5214323251425
NM,New Mexico,2019,6843374319.37,2117522.0,3231.7842834076814
NM,New Mexico,2020,7937847695.92,2117522.0,3748.649457205167
NM,New Mexico,2021,8781047234.95,2117522.0,4146.850533288439
NM,New Mexico,2022,10089155224.29,2117522.0,4764.604676735355
NM,New Mexico,2023,9185824900.28,2117522.0,4338.0068307578385
NM,New Mexico,2024,10475202052.44,2117522.0,4946.915334263352
NV,Nevada,2008,3514251654.22,3104614.0,1131.9447938519893
NV,Nevada,2009,4974996255.2,3104614.0,1602.4524321542065
NV,Nevada,2010,3275392379.98,3104614.0,1055.007926904923
NV,Nevada,2011,4404714283.17,3104614.0,1418.7639053260727
NV,Nevada,2012,4483980379.6,3104614.0,1444.2956127879345
NV,Nevada,2013,4389002671.54,3104614.0,1413.7031758344194
NV,Nevada,2014,3910117488.12,3104614.0,1259.4536673866703
NV,Nevada,2015,5709345524.76,3104614.0,1838.9872379497097
NV,Nevada,2016,5076610374.46,3104614.0,1635.1824653435178
NV,Nevada,2017,5576813933.92,3104614.0,1796.298649017237
NV,Nevada,2018,5750972990.83,3104614.0,1852.3954961325305
NV,Nevada,2019,5565352210.72,3104614.0,1792.6068138325732
NV,Nevada,2020,6989674246.57,3104614.0,2251.3826989667637
NV,Nevada,2021,7439615808.52,3104614.0,2396.309431227199
NV,Nevada,2022,7586586961.85,3104614.0,2443.649021053825
NV,Nevada,2023,7698900599.72,3104614.0,2479.8253823889218
NV,Nevada,2024,8869783914.43,3104614.0,2856.9683427408368
NY,New York,2008,28715811768.45,20201249.0,1421.4869470917367
NY,New York,2009,52734712503.01,20201249.0,2610.4679222066916
NY,New York,2010,34253807430.57,20201249.0,1695.6281975718432
NY,New York,2011,43502615678.76,20201249.0,2153.461683421654
NY,New York,2012,41334283730.27,20201249.0,2046.1251544530735
NY,New York,2013,53477358927.8,20201249.0,2647.230323620089
NY,New York,2014,42811309779.75,20201249.0,2119.2407350530652
NY,New York,2015,40905761835.12,20201249.0,2024.912510861086
NY,New York,2016,45467516910.3,20201249.0,2250.7280074761716
NY,New York,2017,46877812816.88,20201249.0,2320.540319902002
NY,New York,2018,47023157229.02,20201249.0,2327.7351429617047
NY,New York,2019,48270667929.95,20201249.0,2389.4892800910475
NY,New York,2020,60716739273.09,20201249.0,3005.593331040571
NY,New York,2021,73747744341.58,20201249.0,3650.6527067499637
NY,New York,2022,72167288577.04,20201249.0,3572.4171598023468
NY,New York,2023,64668482607.96,20201249.0,3201.2120937650934
NY,New York,2024,76383882409.15,20201249.0,3781.146522630853
OH,Ohio,2008,16556429892.92,11799448.0,1403.1529180788796
OH,Ohio,2009,25324990850.61,11799448.0,2146.2860678406314
OH,Ohio,2010,17425591328.53,11799448.0,1476.8141127051026
OH,Ohio,2011,19110077796.17,11799448.0,1619.5738814366568
OH,Ohio,2012,18515404161.06,11799448.0,1569.1754530432272
OH,Ohio,2013,20431720042.31,11799448.0,1731.5827013526396
OH,Ohio,2014,20134085196.52,11799448.0,1706.358229344288
OH,Ohio,2015,20865460210.46,11799448.0,1768.3420623117283
OH,Ohio,2016,21653234854.16,11799448.0,1835.1057485197612
OH,Ohio,2017,22504472857.26,11799448.0,1907.2479371289232
OH,Ohio,2018,22620539723.22,11799448.0,1917.0845723647412
OH,Ohio,2019,24456071775.78,11799448.0,2072.6454132244153
OH,Ohio,2020,29687563451.22,11799448.0,2516.0129059613637
OH,Ohio,2021,30979427904.95,11799448.0,2625.498066091736
OH,Ohio,2022,32212701429.49,11799448.0,2730.0176609524447
OH,Ohio,2023,32662253439.0,11799448.0,2768.117071154515
OH,Ohio,2024,32216962299.26,11799448.0,2730.3787685034076
OK,Oklahoma,2008,5001716996.32,3959353.0,1263.2662448435387
OK,Oklahoma,2009,8653090566.74,3959353.0,2185.480952756675
OK,Oklahoma,2010,5653901305.71,3959353.0,1427.986164838043
OK,Oklahoma,2011,6898869165.06,3959353.0,1742.4233618624055
OK,Oklahoma,2012,6451419299.31,3959353.0,1629.412507374311
OK,Oklahoma,2013,7164143542.13,3959353.0,1809.4227875438235
OK,Oklahoma,2014,7469557234.61,3959353.0,1886.560060345718
OK,Oklahoma,2015,6877144024.3,3959353.0,1736.9363187116683
OK,Oklahoma,2016,7979936566.94,3959353.0,2015.4647910757135
OK,Oklahoma,2017,8314776090.89,3959353.0,2100.03404366572
OK,Oklahoma,2018,8370052640.41,3959353.0,2113.99504929467
OK,Oklahoma,2019,8177545760.19,3959353.0,2065.37425690258
OK,Oklahoma,2020,10089494664.32,3959353.0,2548.2685338538895
OK,Oklahoma,2021,13375137381.75,3959353.0,3378.11187377079
OK,Oklahoma,2022,12817880289.07,3959353.0,3237.367390346352
OK,Oklahoma,2023,12108818681.73,3959353.0,3058.282169266039
OK,Oklahoma,2024,13982348584.88,3959353.0,3531.473092922
OR,Oregon,2008,4985764850.42,4237256.0,1176.6494284083851
OR,Oregon,2009,8682071059.97,4237256.0,2048.9843096499244
OR,Oregon,2010,5555752498.46,4237256.0,1311.1675335311343
OR,Oregon,2011,7477550895.4,4237256.0,1764.715394915955
OR,Oregon,2012,7554716347.96,4237256.0,1782.9265798337415
OR,Oregon,2013,8646450087.36,4237256.0,2040.5776963582093
OR,Oregon,2014,8355456591.92,4237256.0,1971.9027106032772
OR,Oregon,2015,8355232430.74,4237256.0,1971.849808163585
OR,Oregon,2016,7240580984.38,4237256.0,1708.7900717775844
OR,Oregon,2017,9387499344.09,4237256.0,2215.466647304293
OR,Oregon,2018,9371865253.39,4237256.0,2211.77697391661
OR,Oregon,2019,9869446554.9,4237256.0,2329.2070516626795
OR,Oregon,2020,12095338533.08,4237256.0,2854.5215424982584
OR,Oregon,2021,16394048741.62,4237256.0,3869.02484570675
OR,Oregon,2022,14289918307.07,4237256.0,3372.446297101237
OR,Oregon,2023,14091990564.66,4237256.0,3325.7349956339667
OR,Oregon,2024,16027294940.94,4237256.0,3782.470292316537
PA,Pennsylvania,2008,22887025694.44,13002700.0,1760.1748632545548
PA,Pennsylvania,2009,34244692483.5,13002700.0,2633.660123166727
PA,Pennsylvania,2010,22058298196.82,13002700.0,1696.439831482692
PA,Pennsylvania,2011,25550036198.23,13002700.0,1964.9792887807916
PA,Pennsylvania,2012,36726709143.96,13002700.0,2824.54483637706
PA,Pennsylvania,2013,48817453710.78,13002700.0,3754.408985116937
PA,Pennsylvania,2014,49294825245.55,13002700.0,3791.1222473447824
PA,Pennsylvania,2015,49803614629.5,13002700.0,3830.2517653641166
PA,Pennsylvania,2016,54580015884.51,13002700.0,4197.590952995148
PA,Pennsylvania,2017,53448432969.32,13002700.0,4110.564188154768
PA,Pennsylvania,2018,54920009256.96,13002700.0,4223.738858618594
PA,Pennsylvania,2019,57527723446.52,13002700.0,4424.290604760549
PA,Pennsylvania,2020,60116223401.68,13002700.0,4623.364639780969
PA,Pennsylvania,2021,60440420276.72,13002700.0,4648.297682536704
PA,Pennsylvania,2022,60546449158.54,13002700.0,4656.452056768209
PA,Pennsylvania,2023,65747563439.77,13002700.0,5056.454693238327
PA,Pennsylvania,2024,74969310902.36,13002700.0,5765.672583568028
PR,Puerto Rico,2008,3606132076.92,3285874.0,1097.4651118454328
PR,Puerto Rico,2009,6138529227.64,3285874.0,1868.1572171178811
PR,Puerto Rico,2010,4088889995.66,3285874.0,1244.3842933904343
PR,Puerto Rico,2011,5845478004.93,3285874.0,1778.9720497286264
PR,Puerto Rico,2012,6116687766.72,3285874.0,1861.5101390741095
PR,Puerto Rico,2013,6809354350.79,3285874.0,2072.311461361574
PR,Puerto Rico,2014,5862903869.27,3285874.0,1784.2753158733417
PR,Puerto Rico,2015,5679955280.15,3285874.0,1728.5980168898745
PR,Puerto Rico,2016,6390272459.52,3285874.0,1944.7709983766877
PR,Puerto Rico,2017,6855311327.56,3285874.0,2086.2976874828432
PR,Puerto Rico,2018,9778757387.5,3285874.0,2975.998893292926
PR,Puerto Rico,2019,8105343079.51,3285874.0,2466.723641719068
PR,Puerto Rico,2020,19019573435.78,3285874.0,5788.284467322849
PR,Puerto Rico,2021,10020358019.78,3285874.0,3049.5259464544292
PR,Puerto Rico,2022,11374067634.19,3285874.0,3461.504499013048
PR,Puerto Rico,2023,10005660666.01,3285874.0,3045.053056206659
PR,Puerto Rico,2024,10325874726.41,3285874.0,3142.5047723710645
RI,Rhode Island,2008,1690787887.9,1097379.0,1540.7510877281231
RI,Rhode Island,2009,3352041686.92,1097379.0,3054.5888766962007
RI,Rhode Island,2010,2257052726.94,1097379.0,2056.7668298190506
RI,Rhode Island,2011,3065010607.26,1097379.0,2793.0283040408103
RI,Rhode Island,2012,4092882412.71,1097379.0,3729.6890251317004
RI,Rhode Island,2013,3113989602.56,1097379.0,2837.661010972508
RI,Rhode Island,2014,2465067594.08,1097379.0,2246.32291494552
RI,Rhode Island,2015,2615289348.86,1097379.0,2383.214321451386
RI,Rhode Island,2016,2842159286.75,1097379.0,2589.9523198001784
RI,Rhode Island,2017,2629237152.4,1097379.0,2395.9244275678684
RI,Rhode Island,2018,2793898170.13,1097379.0,2545.97378857259
RI,Rhode Island,2019,2992031542.75,1097379.0,2726.5252412794484
RI,Rhode Island,2020,3552387826.13,1097379.0,3237.156739950373
RI,Rhode Island,2021,3963058505.72,1097379.0,3611.385406245244
RI,Rhode Island,2022,3977399833.25,1097379.0,3624.4541158979714
RI,Rhode Island,2023,4164043614.65,1097379.0,3794.535538451164
RI,Rhode Island,2024,4548053382.28,1097379.0,4144.469123502454
SC,South Carolina,2008,6892286239.08,5118425.0,1346.5638822645637
SC,South Carolina,2009,18896083936.44,5118425.0,3691.777047908292
SC,South Carolina,2010,8302811440.03,5118425.0,1622.1418580969732
SC,South Carolina,2011,22187264471.27,5118425.0,4334.7835459677535
SC,South Carolina,2012,39898246095.46,5118425.0,7795.02407390164
SC,South Carolina,2013,39155100426.53,5118425.0,7649.83377240655
SC,South Carolina,2014,19258828401.21,5118425.0,3762.6473771150304
SC,South Carolina,2015,19813320416.43,5118425.0,3870.97992379101
SC,South Carolina,2016,20107417254.29,5118425.0,3928.438387646591
SC,South Carolina,2017,21140970169.84,5118425.0,4130.366307963875
SC,South Carolina,2018,28121677271.1,5118425.0,5494.205203964109
SC,South Carolina,2019,28506181023.7,5118425.0,5569.326701807685
SC,South Carolina,2020,30316829874.6,5118425.0,5923.077875440199
SC,South Carolina,2021,31750970122.91,5118425.0,6203.269584473739
SC,South Carolina,2022,29749270687.54,5118425.0,5812.1923614275875
SC,South Carolina,2023,33349094261.79,5118425.0,6515.4992525610905
SC,South Carolina,2024,34257604457.71,5118425.0,6692.997251636978
SD,South Dakota,2008,1116165965.22,886667.0,1258.8333221152925
SD,South Dakota,2009,2052636221.22,886667.0,2315.0023867133887
SD,South Dakota,2010,1411194172.07,886667.0,1591.5717761797832
SD,South Dakota,2011,1869843847.07,886667.0,2108.8456512647927
SD,South Dakota,2012,1663627182.4,886667.0,1876.2705529809953
SD,South Dakota,2013,1852459795.0,886667.0,2089.2395848723363
SD,South Dakota,2014,1934966793.22,886667.0,2182.292555401295
SD,South Dakota,2015,1720368234.08,886667.0,1940.2641962315051
SD,South Dakota,2016,1890767701.41,886667.0,2132.443974355649
SD,South Dakota,2017,1929453497.68,886667.0,2176.074555250167
SD,South Dakota,2018,2279357632.71,886667.0,2570.703130611605
SD,South Dakota,2019,2577798788.23,886667.0,2907.290773458356
SD,South Dakota,2020,2713077109.4,886667.0,3059.860251255545
SD,South Dakota,2021,3479205156.53,886667.0,3923.9141149157467
SD,South Dakota,2022,4082313618.48,886667.0,4604.111372679935
SD,South Dakota,2023,3088718559.43,886667.0,3483.5158626970438
SD,South Dakota,2024,3765653775.57,886667.0,4246.976345764532
TN,Tennessee,2008,8497865013.9,6910840.0,1229.6428529527525
TN,Tennessee,2009,15337044720.82,6910840.0,2219.2735934879115
TN,Tennessee,2010,11197903602.84,6910840.0,1620.3390040631818
TN,Tennessee,2011,13055644556.95,6910840.0,1889.1545104430143
TN,Tennessee,2012,19923718536.21,6910840.0,2882.966258256594
TN,Tennessee,2013,21212107718.82,6910840.0,3069.39644367689
TN,Tennessee,2014,19021957413.92,6910840.0,2752.481234396976
TN,Tennessee,2015,18840384319.76,6910840.0,2726.2075695226627
TN,Tennessee,2016,20182164095.21,6910840.0,2920.363384944522
TN,Tennessee,2017,21113835578.47,6910840.0,3055.1764443208062
TN,Tennessee,2018,21186968609.18,6910840.0,3065.758809230137
TN,Tennessee,2019,21429751017.16,6910840.0,3100.889474674569
TN,Tennessee,2020,24569602698.9,6910840.0,3555.226672719959
TN,Tennessee,2021,25379603517.67,6910840.0,3672.4339613809607
TN,Tennessee,2022,26959966576.94,6910840.0,3901.1128280990442
TN,Tennessee,2023,26400217360.17,6910840.0,3820.116998826481
TN,Tennessee,2024,28349758596.66,6910840.0,4102.216025354371
TX,Texas,2008,47981421061.76,29145505.0,1646.271734243754
TX,Texas,2009,82372104882.31,29145505.0,2826.2370091823764
TX,Texas,2010,36876056728.5,29145505.0,1265.2399307714861
TX,Texas,2011,81609499399.57,29145505.0,2800.0715513273835
TX,Texas,2012,89147644266.79,29145505.0,3058.709885685288
TX,Texas,2013,94823815291.37,29145505.0,3253.462765231551
TX,Texas,2014,40813088023.74,29145505.0,1400.3218686291418
TX,Texas,2015,43255985501.88,29145505.0,1484.1391666358156
TX,Texas,2016,46281154067.88,29145505.0,1587.9345397473812
TX,Texas,2017,55758537027.72,29145505.0,1913.1093123183146
TX,Texas,2018,59057412033.76,29145505.0,2026.2957198291813
TX,Texas,2019,54058165290.96,29145505.0,1854.7685240300348
TX,Texas,2020,69671331968.09,29145505.0,2390.465767125668
TX,Texas,2021,93641002323.71,29145505.0,3212.8797330397947
TX,Texas,2022,77419305159.49,29145505.0,2656.303438883286
TX,Texas,2023,75892057047.59,29145505.0,2603.902627440835
TX,Texas,2024,79799111709.31,29145505.0,2737.9560487735585
UT,Utah,2008,2678720865.33,3271616.0,818.7760621448239
UT,Utah,2009,4230901376.82,3271616.0,1293.2145388762008
UT,Utah,2010,3715686191.38,3271616.0,1135.7342033355994
UT,Utah,2011,3811511248.16,3271616.0,1165.0240273186096
UT,Utah,2012,4095604165.09,3271616.0,1251.8596819094907
UT,Utah,2013,3995281188.09,3271616.0,1221.195026583193
UT,Utah,2014,4202703036.65,3271616.0,1284.595452721224
UT,Utah,2015,3783181128.23,3271616.0,1156.364661448654
UT,Utah,2016,4209612173.89,3271616.0,1286.707295076806
UT,Utah,2017,4560407129.47,3271616.0,1393.9310510371633
UT,Utah,2018,4689296246.17,3271616.0,1433.327213881458
UT,Utah,2019,4991707604.42,3271616.0,1525.7620712271855
UT,Utah,2020,5575314091.92,3271616.0,1704.1468472828108
UT,Utah,2021,6736457249.41,3271616.0,2059.0611029564593
UT,Utah,2022,7264245495.21,3271616.0,2220.3845118773106
UT,Utah,2023,7243396013.34,3271616.0,2214.011672928608
UT,Utah,2024,8927492406.55,3271616.0,2728.771471514383
VA,Virginia,2008,27653795797.08,8631393.0,3203.8624353079513
VA,Virginia,2009,33665260724.08,8631393.0,3900.3276439944284
VA,Virginia,2010,28334323082.86,8631393.0,3282.705709595195
VA,Virginia,2011,38995504579.98,8631393.0,4517.869199094515
VA,Virginia,2012,35467053785.19,8631393.0,4109.07645905939
VA,Virginia,2013,35390430624.66,8631393.0,4100.199194343254
VA,Virginia,2014,30254429882.65,8631393.0,3505.1618994350047
VA,Virginia,2015,27840605595.91,8631393.0,3225.5055002025747
VA,Virginia,2016,30974585737.53,8631393.0,3588.5963873421124
VA,Virginia,2017,34698643195.68,8631393.0,4020.0513631669883
VA,Virginia,2018,35907121880.7,8631393.0,4160.061056274462
VA,Virginia,2019,36694788813.5,8631393.0,4251.317118048037
VA,Virginia,2020,41242848557.88,8631393.0,4778.237829963251
VA,Virginia,2021,47509343850.45,8631393.0,5504.249876057086
VA,Virginia,2022,63097212739.7,8631393.0,7310.200420685282
VA,Virginia,2023,63524224044.11,8631393.0,7359.672308294849
VA,Virginia,2024,65538239939.02,8631393.0,7593.00844475741
VI,U.S. Virgin Islands,2008,114162024.78,87146.0,1310.0087758474285
VI,U.S. Virgin Islands,2009,306595880.58,87146.0,3518.1864982902252
VI,U.S. Virgin Islands,2010,220362974.38,87146.0,2528.6642459780137
VI,U.S. Virgin Islands,2011,305713404.51,87146.0,3508.0600889312186
VI,U.S. Virgin Islands,2012,201784703.03,87146.0,2315.47865685172
VI,U.S. Virgin Islands,2013,190538618.2,87146.0,2186.4298785945425
VI,U.S. Virgin Islands,2014,184147013.15,87146.0,2113.0862363160672
VI,U.S. Virgin Islands,2015,196126967.95,87146.0,2250.5561695315905
VI,U.S. Virgin Islands,2016,200343907.87,87146.0,2298.945538177312
VI,U.S. Virgin Islands,2017,332289069.36,87146.0,3813.0157363504923
VI,U.S. Virgin Islands,2018,622188618.2,87146.0,7139.611894980837
VI,U.S. Virgin Islands,2019,358982345.86,87146.0,4119.320976981158
VI,U.S. Virgin Islands,2020,449050193.99,87146.0,5152.84917253804
VI,U.S. Virgin Islands,2021,649625828.6,87146.0,7454.453774126179
VI,U.S. Virgin Islands,2022,410315100.41,87146.0,4708.364129277305
VI,U.S. Virgin Islands,2023,669325186.77,87146.0,7680.503830009409
VI,U.S. Virgin Islands,2024,1686218086.28,87146.0,19349.34576779198
VT,Vermont,2008,1041961028.69,643077.0,1620.2741330975919
VT,Vermont,2009,1776396153.7,643077.0,2762.3381860959107
VT,Vermont,2010,1487548351.7,643077.0,2313.1729974793066
VT,Vermont,2011,1363721479.4,643077.0,2120.619271720183
VT,Vermont,2012,1454601835.71,643077.0,2261.9403830489973
VT,Vermont,2013,1563843902.54,643077.0,2431.8143900963646
VT,Vermont,2014,1447681205.46,643077.0,2251.1786387322204
VT,Vermont,2015,1401269377.59,643077.0,2179.0071446965135
VT,Vermont,2016,1730893548.01,643077.0,2691.580554132709
VT,Vermont,2017,1786923980.94,643077.0,2778.7092073577505
VT,Vermont,2018,1694935660.53,643077.0,2635.6651855532073
VT,Vermont,2019,1684977720.37,643077.0,2620.1803522284267
VT,Vermont,2020,1970882208.25,643077.0,3064.7686175216963
VT,Vermont,2021,2734176877.92,643077.0,4251.709947517949
VT,Vermont,2022,2234892467.98,643077.0,3475.3108383288472
VT,Vermont,2023,2507351064.96,643077.0,3898.990424101624
VT,Vermont,2024,3023808875.01,643077.0,4702.0945781142855
WA,Washington,2008,9892052147.67,7705281.0,1283.8016092690195
WA,Washington,2009,15002963920.93,7705281.0,1947.1014646876604
WA,Washington,2010,9060393121.96,7705281.0,1175.867969248623
WA,Washington,2011,13073196460.49,7705281.0,1696.654081855029
WA,Washington,2012,13324764267.05,7705281.0,1729.302833608534
WA,Washington,2013,15114578623.46,7705281.0,1961.5869458180694
WA,Washington,2014,12922826004.06,7705281.0,1677.1388355674503
WA,Washington,2015,12530021678.9,7705281.0,1626.160250210213
WA,Washington,2016,15389704444.42,7705281.0,1997.293083071208
WA,Washington,2017,13726267111.06,7705281.0,1781.4103224866167
WA,Washington,2018,16736898456.55,7705281.0,2172.1334311558526
WA,Washington,2019,17906634790.57,7705281.0,2323.9431229789025
WA,Washington,2020,17188903788.97,7705281.0,2230.79518955506
WA,Washington,2021,19035129663.68,7705281.0,2470.4004518044185
WA,Washington,2022,21553186975.96,7705281.0,2797.1967506389446
WA,Washington,2023,19812446212.1,7705281.0,2571.2814642451067
WA,Washington,2024,21228422820.25,7705281.0,2755.0484946947427
WI,Wisconsin,2008,7340452401.67,5893718.0,1245.47058438663
WI,Wisconsin,2009,13567944097.69,5893718.0,2302.1026960723266
WI,Wisconsin,2010,8244561274.84,5893718.0,1398.8727107133393
WI,Wisconsin,2011,9136825866.9,5893718.0,1550.2651920061326
WI,Wisconsin,2012,20139584510.32,5893718.0,3417.1272718375735
WI,Wisconsin,2013,21520767762.54,5893718.0,3651.4756495882566
WI,Wisconsin,2014,20087413173.3,5893718.0,3408.27524718692
WI,Wisconsin,2015,20652992161.83,5893718.0,3504.238268921248
WI,Wisconsin,2016,21255458626.64,5893718.0,3606.4600692873328
WI,Wisconsin,2017,21973017146.54,5893718.0,3728.209789905116
WI,Wisconsin,2018,21667558991.09,5893718.0,3676.382037805338
WI,Wisconsin,2019,22291601716.51,5893718.0,3782.264729413589
WI,Wisconsin,2020,23234390716.3,5893718.0,3942.2297972688884
WI,Wisconsin,2021,23478902642.87,5893718.0,3983.716669659118
WI,Wisconsin,2022,24201357968.23,5893718.0,4106.297241949818
WI,Wisconsin,2023,24688542578.34,5893718.0,4188.958918350013
WI,Wisconsin,2024,28751570743.49,5893718.0,4878.341777378898
WV,West Virginia,2008,3088153899.89,1793716.0,1721.6515322882774
WV,West Virginia,2009,5136348848.06,1793716.0,2863.5240183284313
WV,West Virginia,2010,3839965472.24,1793716.0,2140.787879597439
WV,West Virginia,2011,4110283730.29,1793716.0,2291.4908103010735
WV,West Virginia,2012,4134743584.05,1793716.0,2305.127224181532
WV,West Virginia,2013,4421993439.76,1793716.0,2465.269552013808
WV,West Virginia,2014,4230365660.31,1793716.0,2358.4367092170664
WV,West Virginia,2015,4383422959.86,1793716.0,2443.766437864188
WV,West Virginia,2016,4607033210.68,1793716.0,2568.429567824561
WV,West Virginia,2017,4981464411.19,1793716.0,2777.1756572333634
WV,West Virginia,2018,4713948798.13,1793716.0,2628.035206314712
WV,West Virginia,2019,4963821087.58,1793716.0,2767.3394715662903
WV,West Virginia,2020,5545434845.12,1793716.0,3091.5902211498365
WV,West Virginia,2021,6096808239.27,1793716.0,3398.9819120027923
WV,West Virginia,2022,6624450822.3,1793716.0,3693.1436316005434
WV,West Virginia,2023,6477127187.11,1793716.0,3611.0104314785617
WV,West Virginia,2024,7079616130.68,1793716.0,3946.899136028223
WY,Wyoming,2008,807912277.88,576851.0,1400.556257820477
WY,Wyoming,2009,1332280590.56,576851.0,2309.5748998614895
WY,Wyoming,2010,802802113.71,576851.0,1391.6975331758115
WY,Wyoming,2011,1137338539.65,576851.0,1971.6331247583867
WY,Wyoming,2012,988343479.48,576851.0,1713.3427513864065
WY,Wyoming,2013,1072828446.78,576851.0,1859.8016589725942
WY,Wyoming,2014,1143937899.85,576851.0,1983.073445049068
WY,Wyoming,2015,1056910607.71,576851.0,1832.2072904614884
WY,Wyoming,2016,1209763355.5,576851.0,2097.185157865723
WY,Wyoming,2017,1201872558.3,576851.0,2083.5060670779803
WY,Wyoming,2018,1413496020.53,576851.0,2450.3659012986022
WY,Wyoming,2019,1331264063.28,576851.0,2307.8126990852056
WY,Wyoming,2020,1509809706.24,576851.0,2617.3304826376307
WY,Wyoming,2021,1726348249.06,576851.0,2992.7108543800737
WY,Wyoming,2022,2321326767.53,576851.0,4024.1358124194985
WY,Wyoming,2023,1939724840.0,576851.0,3362.6098247207683
WY,Wyoming,2024,2450434867.13,576851.0,4247.951147055305
